{
	"partitions" : [
		{
			"name" : "Top",
			"pins" : [
				{
					"name" : "HSYNC_VGA",
					"strict" : false
				},
				{
					"name" : "VSYNC_VGA",
					"strict" : false
				},
				{
					"name" : "red[0]",
					"strict" : false
				},
				{
					"name" : "green[0]",
					"strict" : false
				},
				{
					"name" : "blue[0]",
					"strict" : false
				},
				{
					"name" : "CAM_SIOC",
					"strict" : false
				},
				{
					"name" : "CAM_XCLK",
					"strict" : false
				},
				{
					"name" : "CAM_RESET",
					"strict" : false
				},
				{
					"name" : "CAM_PWDN",
					"strict" : false
				},
				{
					"name" : "ledOut[0]",
					"strict" : false
				},
				{
					"name" : "ledOut[1]",
					"strict" : false
				},
				{
					"name" : "ledOut[2]",
					"strict" : false
				},
				{
					"name" : "ledOut[3]",
					"strict" : false
				},
				{
					"name" : "CAM_SIOD",
					"strict" : false
				},
				{
					"name" : "RESET_VGA",
					"strict" : false
				},
				{
					"name" : "CLK",
					"strict" : false
				},
				{
					"name" : "edgeDetEn",
					"strict" : false
				},
				{
					"name" : "CAM_PCLK",
					"strict" : false
				},
				{
					"name" : "findOutput",
					"strict" : false
				},
				{
					"name" : "CAM_VSYNC",
					"strict" : false
				},
				{
					"name" : "CAM_HREF",
					"strict" : false
				},
				{
					"name" : "CAM_DATA[7]",
					"strict" : false
				},
				{
					"name" : "CAM_DATA[6]",
					"strict" : false
				},
				{
					"name" : "CAM_DATA[4]",
					"strict" : false
				},
				{
					"name" : "CAM_DATA[3]",
					"strict" : false
				},
				{
					"name" : "CAM_DATA[2]",
					"strict" : false
				},
				{
					"name" : "CAM_DATA[1]",
					"strict" : false
				},
				{
					"name" : "CAM_DATA[0]",
					"strict" : false
				},
				{
					"name" : "CAM_DATA[5]",
					"strict" : false
				}
			]
		}
	]
}