{
	"partitions" : [
		{
			"name" : "Top",
			"pins" : [
				{
					"name" : "output",
					"strict" : false
				},
				{
					"name" : "oSum[0]",
					"strict" : false
				},
				{
					"name" : "oSum[1]",
					"strict" : false
				},
				{
					"name" : "oSum[2]",
					"strict" : false
				},
				{
					"name" : "oSum[3]",
					"strict" : false
				},
				{
					"name" : "oSum[4]",
					"strict" : false
				},
				{
					"name" : "oSum[5]",
					"strict" : false
				},
				{
					"name" : "oSum[6]",
					"strict" : false
				},
				{
					"name" : "oSum[7]",
					"strict" : false
				},
				{
					"name" : "oSum[8]",
					"strict" : false
				},
				{
					"name" : "oSum[9]",
					"strict" : false
				},
				{
					"name" : "oSum[10]",
					"strict" : false
				},
				{
					"name" : "oSum[11]",
					"strict" : false
				},
				{
					"name" : "oSum[12]",
					"strict" : false
				},
				{
					"name" : "oSum[13]",
					"strict" : false
				},
				{
					"name" : "oSum[17]",
					"strict" : false
				},
				{
					"name" : "stout[0]",
					"strict" : false
				},
				{
					"name" : "stout[1]",
					"strict" : false
				},
				{
					"name" : "stout[2]",
					"strict" : false
				},
				{
					"name" : "testO[740]",
					"strict" : false
				},
				{
					"name" : "testO[739]",
					"strict" : false
				},
				{
					"name" : "testO[738]",
					"strict" : false
				},
				{
					"name" : "testO[737]",
					"strict" : false
				},
				{
					"name" : "testO[736]",
					"strict" : false
				},
				{
					"name" : "testO[714]",
					"strict" : false
				},
				{
					"name" : "testO[705]",
					"strict" : false
				},
				{
					"name" : "testO[694]",
					"strict" : false
				},
				{
					"name" : "testO[693]",
					"strict" : false
				},
				{
					"name" : "testO[692]",
					"strict" : false
				},
				{
					"name" : "testO[691]",
					"strict" : false
				},
				{
					"name" : "testO[690]",
					"strict" : false
				},
				{
					"name" : "testO[689]",
					"strict" : false
				},
				{
					"name" : "testO[688]",
					"strict" : false
				},
				{
					"name" : "testO[687]",
					"strict" : false
				},
				{
					"name" : "testO[686]",
					"strict" : false
				},
				{
					"name" : "testO[685]",
					"strict" : false
				},
				{
					"name" : "testO[675]",
					"strict" : false
				},
				{
					"name" : "testO[667]",
					"strict" : false
				},
				{
					"name" : "testO[666]",
					"strict" : false
				},
				{
					"name" : "testO[660]",
					"strict" : false
				},
				{
					"name" : "testO[657]",
					"strict" : false
				},
				{
					"name" : "testO[646]",
					"strict" : false
				},
				{
					"name" : "testO[632]",
					"strict" : false
				},
				{
					"name" : "testO[617]",
					"strict" : false
				},
				{
					"name" : "testO[610]",
					"strict" : false
				},
				{
					"name" : "testO[604]",
					"strict" : false
				},
				{
					"name" : "testO[602]",
					"strict" : false
				},
				{
					"name" : "testO[588]",
					"strict" : false
				},
				{
					"name" : "testO[582]",
					"strict" : false
				},
				{
					"name" : "testO[576]",
					"strict" : false
				},
				{
					"name" : "testO[574]",
					"strict" : false
				},
				{
					"name" : "testO[560]",
					"strict" : false
				},
				{
					"name" : "testO[548]",
					"strict" : false
				},
				{
					"name" : "testO[547]",
					"strict" : false
				},
				{
					"name" : "testO[532]",
					"strict" : false
				},
				{
					"name" : "testO[525]",
					"strict" : false
				},
				{
					"name" : "testO[520]",
					"strict" : false
				},
				{
					"name" : "testO[519]",
					"strict" : false
				},
				{
					"name" : "testO[518]",
					"strict" : false
				},
				{
					"name" : "testO[517]",
					"strict" : false
				},
				{
					"name" : "testO[516]",
					"strict" : false
				},
				{
					"name" : "testO[515]",
					"strict" : false
				},
				{
					"name" : "testO[514]",
					"strict" : false
				},
				{
					"name" : "testO[513]",
					"strict" : false
				},
				{
					"name" : "testO[504]",
					"strict" : false
				},
				{
					"name" : "testO[496]",
					"strict" : false
				},
				{
					"name" : "testO[492]",
					"strict" : false
				},
				{
					"name" : "testO[482]",
					"strict" : false
				},
				{
					"name" : "testO[476]",
					"strict" : false
				},
				{
					"name" : "testO[470]",
					"strict" : false
				},
				{
					"name" : "testO[468]",
					"strict" : false
				},
				{
					"name" : "testO[465]",
					"strict" : false
				},
				{
					"name" : "testO[454]",
					"strict" : false
				},
				{
					"name" : "testO[448]",
					"strict" : false
				},
				{
					"name" : "testO[442]",
					"strict" : false
				},
				{
					"name" : "testO[439]",
					"strict" : false
				},
				{
					"name" : "testO[438]",
					"strict" : false
				},
				{
					"name" : "testO[437]",
					"strict" : false
				},
				{
					"name" : "testO[435]",
					"strict" : false
				},
				{
					"name" : "testO[426]",
					"strict" : false
				},
				{
					"name" : "testO[420]",
					"strict" : false
				},
				{
					"name" : "testO[414]",
					"strict" : false
				},
				{
					"name" : "testO[410]",
					"strict" : false
				},
				{
					"name" : "testO[406]",
					"strict" : false
				},
				{
					"name" : "testO[392]",
					"strict" : false
				},
				{
					"name" : "testO[386]",
					"strict" : false
				},
				{
					"name" : "testO[378]",
					"strict" : false
				},
				{
					"name" : "testO[364]",
					"strict" : false
				},
				{
					"name" : "testO[358]",
					"strict" : false
				},
				{
					"name" : "testO[349]",
					"strict" : false
				},
				{
					"name" : "testO[336]",
					"strict" : false
				},
				{
					"name" : "testO[330]",
					"strict" : false
				},
				{
					"name" : "testO[321]",
					"strict" : false
				},
				{
					"name" : "testO[308]",
					"strict" : false
				},
				{
					"name" : "testO[302]",
					"strict" : false
				},
				{
					"name" : "testO[292]",
					"strict" : false
				},
				{
					"name" : "testO[280]",
					"strict" : false
				},
				{
					"name" : "testO[274]",
					"strict" : false
				},
				{
					"name" : "testO[263]",
					"strict" : false
				},
				{
					"name" : "testO[262]",
					"strict" : false
				},
				{
					"name" : "testO[253]",
					"strict" : false
				},
				{
					"name" : "testO[246]",
					"strict" : false
				},
				{
					"name" : "testO[233]",
					"strict" : false
				},
				{
					"name" : "testO[232]",
					"strict" : false
				},
				{
					"name" : "testO[231]",
					"strict" : false
				},
				{
					"name" : "testO[230]",
					"strict" : false
				},
				{
					"name" : "testO[229]",
					"strict" : false
				},
				{
					"name" : "testO[228]",
					"strict" : false
				},
				{
					"name" : "testO[227]",
					"strict" : false
				},
				{
					"name" : "testO[218]",
					"strict" : false
				},
				{
					"name" : "testO[202]",
					"strict" : false
				},
				{
					"name" : "testO[190]",
					"strict" : false
				},
				{
					"name" : "testO[189]",
					"strict" : false
				},
				{
					"name" : "testO[188]",
					"strict" : false
				},
				{
					"name" : "testO[187]",
					"strict" : false
				},
				{
					"name" : "testO[186]",
					"strict" : false
				},
				{
					"name" : "testO[185]",
					"strict" : false
				},
				{
					"name" : "testO[184]",
					"strict" : false
				},
				{
					"name" : "testO[183]",
					"strict" : false
				},
				{
					"name" : "testO[182]",
					"strict" : false
				},
				{
					"name" : "testO[181]",
					"strict" : false
				},
				{
					"name" : "testO[180]",
					"strict" : false
				},
				{
					"name" : "testO[179]",
					"strict" : false
				},
				{
					"name" : "testO[178]",
					"strict" : false
				},
				{
					"name" : "testO[177]",
					"strict" : false
				},
				{
					"name" : "testO[176]",
					"strict" : false
				},
				{
					"name" : "layerO[0][1]",
					"strict" : false
				},
				{
					"name" : "layerO[0][2]",
					"strict" : false
				},
				{
					"name" : "layerO[0][4]",
					"strict" : false
				},
				{
					"name" : "layerO[0][5]",
					"strict" : false
				},
				{
					"name" : "layerO[0][6]",
					"strict" : false
				},
				{
					"name" : "layerO[0][7]",
					"strict" : false
				},
				{
					"name" : "layerO[0][8]",
					"strict" : false
				},
				{
					"name" : "layerO[0][9]",
					"strict" : false
				},
				{
					"name" : "layerO[0][11]",
					"strict" : false
				},
				{
					"name" : "layerO[1][0]",
					"strict" : false
				},
				{
					"name" : "layerO[1][1]",
					"strict" : false
				},
				{
					"name" : "layerO[1][2]",
					"strict" : false
				},
				{
					"name" : "layerO[1][3]",
					"strict" : false
				},
				{
					"name" : "layerO[1][4]",
					"strict" : false
				},
				{
					"name" : "layerO[1][5]",
					"strict" : false
				},
				{
					"name" : "layerO[1][6]",
					"strict" : false
				},
				{
					"name" : "layerO[1][7]",
					"strict" : false
				},
				{
					"name" : "layerO[1][8]",
					"strict" : false
				},
				{
					"name" : "layerO[1][9]",
					"strict" : false
				},
				{
					"name" : "layerO[1][10]",
					"strict" : false
				},
				{
					"name" : "layerO[1][11]",
					"strict" : false
				},
				{
					"name" : "layerO[1][12]",
					"strict" : false
				},
				{
					"name" : "layerO[1][13]",
					"strict" : false
				},
				{
					"name" : "layerO[1][14]",
					"strict" : false
				},
				{
					"name" : "layerO[1][15]",
					"strict" : false
				},
				{
					"name" : "layerO[1][16]",
					"strict" : false
				},
				{
					"name" : "layerO[1][17]",
					"strict" : false
				},
				{
					"name" : "reset",
					"strict" : false
				},
				{
					"name" : "clk",
					"strict" : false
				},
				{
					"name" : "selecttest[0]",
					"strict" : false
				},
				{
					"name" : "selecttest[1]",
					"strict" : false
				}
			]
		}
	]
}